t,v
0,-64.396
0.001,-64.412
0.002,-64.618
0.003,-64.634
0.004,-64.702
0.005,-64.749
0.006,-64.819
0.007,-64.941
0.008,-64.978
0.009,-65.112
0.01,-64.973
0.011,-64.885
0.012,-64.802
0.013,-64.723
0.014,-64.667
0.015,-64.49
0.016,-64.386
0.017,-64.41
0.018,-64.436
0.019,-64.591
0.02,-64.7
0.021,-64.71
0.022,-64.763
0.023,-64.815
0.024,-65.02
0.025,-64.974
0.026,-64.866
0.027,-64.822
0.028,-64.709
0.029,-64.658
0.03,-64.59
0.031,-64.468
0.032,-64.391
0.033,-64.359
0.034,-64.392
0.035,-64.462
0.036,-64.394
0.037,-64.588
0.038,-64.588
0.039,-64.614
0.04,-64.756
0.041,-64.97
0.042,-64.902
0.043,-64.745
0.044,-64.634
0.045,-64.626
0.046,-64.534
0.047,-64.506
0.048,-64.476
0.049,-64.244
0.05,-64.267
0.051,-64.364
0.052,-64.453
0.053,-64.437
0.054,-64.47
0.055,-64.669
0.056,-64.65
0.057,-64.793
0.058,-64.792
0.059,-64.861
0.06,-64.727
0.061,-64.61
0.062,-64.561
0.063,-64.462
0.064,-64.442
0.065,-64.366
0.066,-64.23
0.067,-64.235
0.068,-64.383
0.069,-64.454
0.07,-64.473
0.071,-64.461
0.072,-64.487
0.073,-64.673
0.074,-64.764
0.075,-64.737
0.076,-64.66
0.077,-64.568
0.078,-64.533
0.079,-64.471
0.08,-64.392
0.081,-64.368
0.082,-64.205
0.083,-64.189
0.084,-64.26
0.085,-64.286
0.086,-64.32
0.087,-64.377
0.088,-64.468
0.089,-64.625
0.09,-64.603
0.091,-64.735
0.092,-64.745
0.093,-64.56
0.094,-64.6
0.095,-64.475
0.096,-64.431
0.097,-64.342
0.098,-64.241
0.099,-64.113
0.1,-64.041
0.101,-64.196
0.102,-64.167
0.103,-64.213
0.104,-64.285
0.105,-64.388
0.106,-64.455
0.107,-64.512
0.108,-64.648
0.109,-64.573
0.11,-64.373
0.111,-64.51
0.112,-64.292
0.113,-64.214
0.114,-64.168
0.115,-64.061
0.116,-63.935
0.117,-63.995
0.118,-64.105
0.119,-64.071
0.12,-64.102
0.121,-64.185
0.122,-64.245
0.123,-64.403
0.124,-64.633
0.125,-64.623
0.126,-64.524
0.127,-64.326
0.128,-64.217
0.129,-64.303
0.13,-64.137
0.131,-64.083
0.132,-63.973
0.133,-63.9
0.134,-64.035
0.135,-64.104
0.136,-64.098
0.137,-64.209
0.138,-64.225
0.139,-64.283
0.14,-64.301
0.141,-64.495
0.142,-64.618
0.143,-64.353
0.144,-64.303
0.145,-64.231
0.146,-64.221
0.147,-64.089
0.148,-63.992
0.149,-63.88
0.15,-63.793
0.151,-63.884
0.152,-64.112
0.153,-64.087
0.154,-64.198
0.155,-64.119
0.156,-64.251
0.157,-64.383
0.158,-64.421
0.159,-64.386
0.16,-64.293
0.161,-64.246
0.162,-64.305
0.163,-64.203
0.164,-64.1
0.165,-63.945
0.166,-63.737
0.167,-63.816
0.168,-63.832
0.169,-63.987
0.17,-64.095
0.171,-64.106
0.172,-64.142
0.173,-64.261
0.174,-64.339
0.175,-64.366
0.176,-64.311
0.177,-64.187
0.178,-64.127
0.179,-64.032
0.18,-64.042
0.181,-64.015
0.182,-63.831
0.183,-63.778
0.184,-63.842
0.185,-63.906
0.186,-63.963
0.187,-64.006
0.188,-64.029
0.189,-64.059
0.19,-64.237
0.191,-64.379
0.192,-64.307
0.193,-64.253
0.194,-64.149
0.195,-64.052
0.196,-64.028
0.197,-63.852
0.198,-63.889
0.199,-63.654
0.2,-63.731
0.201,-63.863
0.202,-63.852
0.203,-63.976
0.204,-63.99
0.205,-64.035
0.206,-64.12
0.207,-64.193
0.208,-64.286
0.209,-64.178
0.21,-64.017
0.211,-64.067
0.212,-63.937
0.213,-63.917
0.214,-63.809
0.215,-63.662
0.216,-63.533
0.217,-63.553
0.218,-63.671
0.219,-63.734
0.22,-63.676
0.221,-63.875
0.222,-63.852
0.223,-63.967
0.224,-64.107
0.225,-64.054
0.226,-64.048
0.227,-63.917
0.228,-63.864
0.229,-63.791
0.23,-63.688
0.231,-63.655
0.232,-63.509
0.233,-63.446
0.234,-63.417
0.235,-63.564
0.236,-63.629
0.237,-63.673
0.238,-63.72
0.239,-63.717
0.24,-63.797
0.241,-63.967
0.242,-63.898
0.243,-63.792
0.244,-63.726
0.245,-63.675
0.246,-63.675
0.247,-63.581
0.248,-63.414
0.249,-63.298
0.25,-63.323
0.251,-63.361
0.252,-63.377
0.253,-63.466
0.254,-63.432
0.255,-63.544
0.256,-63.731
0.257,-63.808
0.258,-63.707
0.259,-63.791
0.26,-63.672
0.261,-63.527
0.262,-63.513
0.263,-63.381
0.264,-63.354
0.265,-63.296
0.266,-63.047
0.267,-63.2
0.268,-63.279
0.269,-63.341
0.27,-63.379
0.271,-63.324
0.272,-63.493
0.273,-63.559
0.274,-63.702
0.275,-63.71
0.276,-63.694
0.277,-63.581
0.278,-63.528
0.279,-63.424
0.28,-63.257
0.281,-63.258
0.282,-63.153
0.283,-63.134
0.284,-62.98
0.285,-63.204
0.286,-63.209
0.287,-63.234
0.288,-63.264
0.289,-63.33
0.29,-63.533
0.291,-63.479
0.292,-63.497
0.293,-63.396
0.294,-63.286
0.295,-63.307
0.296,-63.272
0.297,-63.123
0.298,-63.052
0.299,-62.866
0.3,-62.911
0.301,-62.991
0.302,-63.004
0.303,-63.097
0.304,-63.04
0.305,-63.18
0.306,-63.271
0.307,-63.332
0.308,-63.338
0.309,-63.383
0.31,-63.251
0.311,-63.143
0.312,-63.083
0.313,-63.067
0.314,-62.988
0.315,-62.91
0.316,-62.789
0.317,-62.773
0.318,-62.867
0.319,-62.942
0.32,-63.073
0.321,-63.047
0.322,-63.114
0.323,-63.324
0.324,-63.405
0.325,-63.367
0.326,-63.212
0.327,-63.137
0.328,-63.084
0.329,-63.021
0.33,-62.971
0.331,-62.834
0.332,-62.571
0.333,-62.705
0.334,-62.637
0.335,-62.746
0.336,-62.825
0.337,-62.816
0.338,-62.802
0.339,-62.883
0.34,-63.086
0.341,-63.189
0.342,-63.037
0.343,-63.01
0.344,-63.028
0.345,-62.897
0.346,-62.923
0.347,-62.709
0.348,-62.568
0.349,-62.42
0.35,-62.399
0.351,-62.502
0.352,-62.566
0.353,-62.578
0.354,-62.648
0.355,-62.714
0.356,-62.875
0.357,-63.029
0.358,-62.892
0.359,-62.984
0.36,-62.841
0.361,-62.797
0.362,-62.666
0.363,-62.55
0.364,-62.46
0.365,-62.354
0.366,-62.228
0.367,-62.256
0.368,-62.342
0.369,-62.413
0.37,-62.58
0.371,-62.595
0.372,-62.609
0.373,-62.664
0.374,-62.862
0.375,-62.842
0.376,-62.704
0.377,-62.666
0.378,-62.65
0.379,-62.601
0.38,-62.423
0.381,-62.299
0.382,-62.191
0.383,-62.11
0.384,-62.19
0.385,-62.265
0.386,-62.351
0.387,-62.393
0.388,-62.425
0.389,-62.487
0.39,-62.589
0.391,-62.696
0.392,-62.69
0.393,-62.555
0.394,-62.458
0.395,-62.37
0.396,-62.279
0.397,-62.245
0.398,-62.136
0.399,-62.077
0.4,-61.926
0.401,-61.933
0.402,-62.227
0.403,-62.206
0.404,-62.11
0.405,-62.241
0.406,-62.374
0.407,-62.559
0.408,-62.62
0.409,-62.48
0.41,-62.361
0.411,-62.247
0.412,-62.326
0.413,-62.228
0.414,-62.086
0.415,-62.003
0.416,-61.806
0.417,-61.826
0.418,-61.921
0.419,-61.973
0.42,-62.1
0.421,-62.053
0.422,-62.231
0.423,-62.255
0.424,-62.303
0.425,-62.332
0.426,-62.26
0.427,-62.119
0.428,-62.049
0.429,-62.01
0.43,-61.986
0.431,-61.787
0.432,-61.665
0.433,-61.644
0.434,-61.675
0.435,-61.75
0.436,-61.81
0.437,-61.898
0.438,-61.944
0.439,-61.981
0.44,-62.125
0.441,-62.191
0.442,-62.178
0.443,-62.082
0.444,-61.942
0.445,-61.885
0.446,-61.891
0.447,-61.667
0.448,-61.683
0.449,-61.486
0.45,-61.523
0.451,-61.539
0.452,-61.669
0.453,-61.741
0.454,-61.674
0.455,-61.748
0.456,-61.832
0.457,-62.077
0.458,-62.067
0.459,-61.963
0.46,-61.838
0.461,-61.807
0.462,-61.705
0.463,-61.68
0.464,-61.629
0.465,-61.544
0.466,-61.358
0.467,-61.334
0.468,-61.452
0.469,-61.523
0.47,-61.556
0.471,-61.665
0.472,-61.709
0.473,-61.883
0.474,-61.924
0.475,-61.89
0.476,-61.891
0.477,-61.735
0.478,-61.597
0.479,-61.646
0.48,-61.554
0.481,-61.423
0.482,-61.23
0.483,-61.14
0.484,-61.335
0.485,-61.357
0.486,-61.491
0.487,-61.481
0.488,-61.516
0.489,-61.641
0.49,-61.773
0.491,-61.881
0.492,-61.7
0.493,-61.6
0.494,-61.618
0.495,-61.5
0.496,-61.428
0.497,-61.319
0.498,-61.122
0.499,-61.031
0.5,-61.103
0.501,-61.085
0.502,-61.244
0.503,-61.118
0.504,-61.279
0.505,-61.242
0.506,-61.385
0.507,-61.51
0.508,-61.528
0.509,-61.497
0.51,-61.323
0.511,-61.28
0.512,-61.262
0.513,-61.092
0.514,-60.991
0.515,-60.909
0.516,-60.769
0.517,-60.894
0.518,-60.976
0.519,-60.957
0.52,-60.887
0.521,-61.005
0.522,-61.084
0.523,-61.211
0.524,-61.264
0.525,-61.26
0.526,-61.11
0.527,-61.172
0.528,-61.052
0.529,-60.911
0.53,-60.793
0.531,-60.739
0.532,-60.554
0.533,-60.517
0.534,-60.617
0.535,-60.695
0.536,-60.677
0.537,-60.778
0.538,-60.892
0.539,-60.9
0.54,-60.962
0.541,-61.024
0.542,-61.047
0.543,-60.831
0.544,-60.841
0.545,-60.822
0.546,-60.711
0.547,-60.538
0.548,-60.467
0.549,-60.34
0.55,-60.366
0.551,-60.485
0.552,-60.493
0.553,-60.494
0.554,-60.42
0.555,-60.765
0.556,-60.791
0.557,-60.817
0.558,-60.911
0.559,-60.798
0.56,-60.754
0.561,-60.643
0.562,-60.511
0.563,-60.436
0.564,-60.391
0.565,-60.235
0.566,-59.997
0.567,-60.076
0.568,-60.355
0.569,-60.292
0.57,-60.226
0.571,-60.263
0.572,-60.366
0.573,-60.499
0.574,-60.612
0.575,-60.588
0.576,-60.511
0.577,-60.347
0.578,-60.451
0.579,-60.279
0.58,-60.081
0.581,-59.974
0.582,-59.956
0.583,-59.867
0.584,-59.878
0.585,-60.022
0.586,-60.154
0.587,-60.083
0.588,-60.161
0.589,-60.257
0.59,-60.198
0.591,-60.36
0.592,-60.294
0.593,-60.231
0.594,-60.143
0.595,-60.026
0.596,-59.966
0.597,-59.766
0.598,-59.691
0.599,-59.549
0.6,-59.517
0.601,-59.659
0.602,-59.683
0.603,-59.708
0.604,-59.744
0.605,-59.88
0.606,-59.981
0.607,-59.947
0.608,-60.011
0.609,-60.026
0.61,-59.966
0.611,-59.753
0.612,-59.651
0.613,-59.649
0.614,-59.627
0.615,-59.387
0.616,-59.337
0.617,-59.352
0.618,-59.401
0.619,-59.491
0.62,-59.491
0.621,-59.52
0.622,-59.527
0.623,-59.68
0.624,-59.765
0.625,-59.714
0.626,-59.756
0.627,-59.604
0.628,-59.469
0.629,-59.446
0.63,-59.239
0.631,-59.197
0.632,-59.048
0.633,-59.006
0.634,-59.055
0.635,-59.115
0.636,-59.12
0.637,-59.143
0.638,-59.296
0.639,-59.272
0.64,-59.306
0.641,-59.359
0.642,-59.33
0.643,-59.25
0.644,-59.164
0.645,-59.126
0.646,-58.906
0.647,-58.807
0.648,-58.705
0.649,-58.38
0.65,-58.495
0.651,-58.578
0.652,-58.65
0.653,-58.541
0.654,-58.622
0.655,-58.64
0.656,-58.685
0.657,-58.844
0.658,-58.809
0.659,-58.694
0.66,-58.597
0.661,-58.457
0.662,-58.265
0.663,-58.086
0.664,-57.74
0.665,-57.67
0.666,-57.33
0.667,-57.19
0.668,-57.192
0.669,-57.077
0.67,-57.051
0.671,-57.037
0.672,-56.979
0.673,-56.963
0.674,-56.972
0.675,-56.885
0.676,-56.629
0.677,-56.425
0.678,-56.247
0.679,-56.086
0.68,-55.98
0.681,-55.664
0.682,-55.473
0.683,-55.191
0.684,-55.025
0.685,-54.903
0.686,-54.58
0.687,-52.552
0.688,-46.603
0.689,-42.72
0.69,-40.997
0.691,-40.788
0.692,-41.395
0.693,-42.566
0.694,-43.87
0.695,-45.19
0.696,-46.426
0.697,-47.532
0.698,-48.474
0.699,-49.22
0.7,-50.025
0.701,-50.704
0.702,-51.403
0.703,-51.992
0.704,-52.359
0.705,-52.897
0.706,-53.421
0.707,-53.824
0.708,-54.161
0.709,-54.396
0.71,-54.432
0.711,-54.576
0.712,-54.704
0.713,-54.687
0.714,-54.659
0.715,-54.646
0.716,-54.543
0.717,-54.55
0.718,-54.718
0.719,-54.764
0.72,-54.828
0.721,-54.851
0.722,-54.887
0.723,-55.036
0.724,-55.131
0.725,-55.167
0.726,-55.149
0.727,-55.03
0.728,-55.033
0.729,-54.943
0.73,-54.867
0.731,-54.689
0.732,-54.586
0.733,-54.526
0.734,-54.498
0.735,-54.611
0.736,-54.623
0.737,-54.537
0.738,-54.468
0.739,-54.468
0.74,-54.496
0.741,-54.343
0.742,-54.214
0.743,-53.897
0.744,-53.665
0.745,-53.402
0.746,-53.064
0.747,-52.655
0.748,-50.428
0.749,-44.598
0.75,-40.85
0.751,-39.111
0.752,-38.979
0.753,-39.508
0.754,-40.508
0.755,-41.872
0.756,-43.282
0.757,-44.683
0.758,-45.761
0.759,-46.793
0.76,-47.555
0.761,-48.13
0.762,-48.746
0.763,-49.237
0.764,-49.628
0.765,-49.979
0.766,-50.225
0.767,-50.652
0.768,-51.038
0.769,-51.317
0.77,-51.671
0.771,-51.827
0.772,-52.141
0.773,-52.27
0.774,-52.457
0.775,-52.52
0.776,-52.516
0.777,-52.558
0.778,-52.489
0.779,-52.429
0.78,-52.541
0.781,-52.47
0.782,-52.412
0.783,-52.438
0.784,-52.475
0.785,-52.527
0.786,-52.69
0.787,-52.793
0.788,-53.002
0.789,-53.048
0.79,-53.273
0.791,-53.305
0.792,-53.332
0.793,-53.26
0.794,-53.329
0.795,-53.295
0.796,-53.192
0.797,-53.067
0.798,-52.942
0.799,-52.89
0.8,-53.026
0.801,-52.985
0.802,-53.025
0.803,-53.046
0.804,-53.191
0.805,-53.181
0.806,-53.252
0.807,-53.325
0.808,-53.232
0.809,-53.12
0.81,-52.993
0.811,-52.857
0.812,-52.634
0.813,-52.423
0.814,-52.172
0.815,-51.73
0.816,-50.437
0.817,-45.137
0.818,-40.891
0.819,-38.765
0.82,-37.945
0.821,-38.279
0.822,-39.115
0.823,-40.288
0.824,-41.557
0.825,-42.614
0.826,-43.71
0.827,-44.659
0.828,-45.449
0.829,-46.189
0.83,-46.721
0.831,-47.319
0.832,-47.751
0.833,-48.198
0.834,-48.621
0.835,-49.17
0.836,-49.551
0.837,-49.908
0.838,-50.286
0.839,-50.595
0.84,-50.954
0.841,-51.265
0.842,-51.532
0.843,-51.568
0.844,-51.753
0.845,-51.856
0.846,-51.962
0.847,-51.971
0.848,-51.899
0.849,-51.987
0.85,-51.987
0.851,-52.041
0.852,-52.076
0.853,-52.214
0.854,-52.28
0.855,-52.338
0.856,-52.406
0.857,-52.455
0.858,-52.482
0.859,-52.547
0.86,-52.467
0.861,-52.325
0.862,-52.339
0.863,-52.181
0.864,-52.126
0.865,-51.994
0.866,-51.88
0.867,-51.854
0.868,-51.805
0.869,-51.919
0.87,-51.861
0.871,-51.801
0.872,-51.759
0.873,-51.717
0.874,-51.628
0.875,-51.305
0.876,-50.204
0.877,-45.107
0.878,-40.669
0.879,-38.53
0.88,-37.748
0.881,-37.841
0.882,-38.644
0.883,-39.623
0.884,-40.805
0.885,-41.997
0.886,-43.021
0.887,-43.983
0.888,-44.818
0.889,-45.601
0.89,-46.279
0.891,-46.866
0.892,-47.391
0.893,-47.716
0.894,-48.109
0.895,-48.426
0.896,-48.638
0.897,-48.978
0.898,-49.106
0.899,-49.369
0.9,-49.796
0.901,-50.045
0.902,-50.403
0.903,-50.643
0.904,-50.84
0.905,-51.213
0.906,-51.497
0.907,-51.783
0.908,-51.958
0.909,-52.157
0.91,-52.163
0.911,-52.272
0.912,-52.358
0.913,-52.418
0.914,-52.36
0.915,-52.359
0.916,-52.461
0.917,-52.567
0.918,-52.697
0.919,-52.863
0.92,-52.916
0.921,-53.068
0.922,-53.128
0.923,-53.301
0.924,-53.258
0.925,-53.094
0.926,-52.925
0.927,-52.645
0.928,-52.488
0.929,-52.181
0.93,-51.986
0.931,-51.782
0.932,-51.448
0.933,-51.289
0.934,-51.116
0.935,-50.927
0.936,-50.674
0.937,-49.233
0.938,-44.155
0.939,-40.269
0.94,-38.495
0.941,-38.023
0.942,-38.319
0.943,-39.257
0.944,-40.292
0.945,-41.385
0.946,-42.465
0.947,-43.38
0.948,-44.247
0.949,-44.949
0.95,-45.667
0.951,-46.427
0.952,-47.07
0.953,-47.681
0.954,-48.26
0.955,-48.764
0.956,-49.25
0.957,-49.769
0.958,-50.018
0.959,-50.245
0.96,-50.483
0.961,-50.705
0.962,-50.687
0.963,-50.815
0.964,-50.93
0.965,-51.004
0.966,-51.141
0.967,-51.254
0.968,-51.556
0.969,-51.607
0.97,-51.78
0.971,-52.137
0.972,-52.27
0.973,-52.462
0.974,-52.7
0.975,-52.856
0.976,-52.89
0.977,-52.963
0.978,-53.028
0.979,-53.096
0.98,-52.982
0.981,-53.013
0.982,-53.059
0.983,-53.068
0.984,-53.259
0.985,-53.486
0.986,-53.539
0.987,-53.763
0.988,-53.981
0.989,-54.151
0.99,-54.309
0.991,-54.476
0.992,-54.569
0.993,-54.531
0.994,-54.543
0.995,-54.609
0.996,-54.612
0.997,-54.561
0.998,-54.624
0.999,-54.578
1,-54.542
1.001,-54.681
1.002,-54.777
1.003,-54.918
1.004,-55.008
1.005,-55.115
1.006,-55.258
1.007,-55.302
1.008,-55.314
1.009,-55.346
1.01,-55.198
1.011,-55.026
1.012,-55.024
1.013,-54.925
1.014,-54.781
1.015,-54.721
1.016,-54.628
1.017,-54.655
1.018,-54.742
1.019,-54.796
1.02,-54.915
1.021,-54.905
1.022,-55.112
1.023,-55.198
1.024,-55.262
1.025,-55.33
1.026,-55.327
1.027,-55.165
1.028,-55.12
1.029,-55.082
1.03,-55.057
1.031,-55.015
1.032,-54.92
1.033,-54.958
1.034,-54.786
1.035,-55.075
1.036,-55.084
1.037,-55.019
1.038,-55.13
1.039,-55.134
1.04,-55.239
1.041,-55.143
1.042,-55.114
1.043,-55.044
1.044,-54.914
1.045,-54.858
1.046,-54.718
1.047,-54.709
1.048,-54.707
1.049,-54.555
1.05,-54.654
1.051,-54.659
1.052,-54.805
1.053,-54.993
1.054,-55.104
1.055,-55.173
1.056,-55.412
1.057,-55.446
1.058,-55.558
1.059,-55.638
1.06,-55.735
1.061,-55.727
1.062,-55.753
1.063,-55.731
1.064,-55.698
1.065,-55.762
1.066,-55.83
1.067,-55.884
1.068,-56.21
1.069,-56.246
1.07,-56.525
1.071,-56.638
1.072,-56.81
1.073,-57.076
1.074,-57.204
1.075,-57.26
1.076,-57.458
1.077,-57.491
1.078,-57.5
1.079,-57.499
1.08,-57.369
1.081,-57.521
1.082,-57.541
1.083,-57.678
1.084,-57.824
1.085,-57.979
1.086,-58.154
1.087,-58.265
1.088,-58.524
1.089,-58.681
1.09,-58.864
1.091,-59.086
1.092,-59.143
1.093,-59.143
1.094,-59.28
1.095,-59.25
1.096,-59.232
1.097,-59.313
1.098,-59.169
1.099,-59.241
1.1,-59.352
1.101,-59.443
1.102,-59.62
1.103,-59.705
1.104,-59.935
1.105,-60.039
1.106,-60.235
1.107,-60.487
1.108,-60.489
1.109,-60.625
1.11,-60.607
1.111,-60.619
1.112,-60.667
1.113,-60.485
1.114,-60.624
1.115,-60.514
1.116,-60.502
1.117,-60.662
1.118,-60.818
1.119,-60.928
1.12,-61.016
1.121,-61.177
1.122,-61.31
1.123,-61.453
1.124,-61.646
1.125,-61.717
1.126,-61.671
1.127,-61.702
1.128,-61.673
1.129,-61.654
1.13,-61.604
1.131,-61.622
1.132,-61.513
1.133,-61.578
1.134,-61.609
1.135,-61.807
1.136,-61.952
1.137,-62.082
1.138,-62.168
1.139,-62.238
1.14,-62.43
1.141,-62.515
1.142,-62.522
1.143,-62.507
1.144,-62.48
1.145,-62.537
1.146,-62.514
1.147,-62.487
1.148,-62.355
1.149,-62.267
1.15,-62.389
1.151,-62.45
1.152,-62.679
1.153,-62.729
1.154,-62.741
1.155,-63.045
1.156,-63.015
1.157,-63.179
1.158,-63.297
1.159,-63.27
1.16,-63.297
1.161,-63.139
1.162,-63.266
1.163,-63.132
1.164,-63.023
1.165,-62.997
1.166,-62.91
1.167,-62.94
1.168,-63.031
1.169,-63.206
1.17,-63.401
1.171,-63.348
1.172,-63.487
1.173,-63.666
1.174,-63.776
1.175,-63.725
1.176,-63.692
1.177,-63.702
1.178,-63.669
1.179,-63.634
1.18,-63.496
1.181,-63.392
1.182,-63.419
1.183,-63.433
1.184,-63.378
1.185,-63.598
1.186,-63.646
1.187,-63.728
1.188,-63.692
1.189,-63.995
1.19,-64.011
1.191,-64.181
1.192,-64.265
1.193,-64.178
1.194,-64.167
1.195,-64.05
1.196,-63.99
1.197,-63.939
1.198,-63.765
1.199,-63.813
1.2,-63.836
1.201,-63.795
1.202,-63.944
1.203,-64.01
1.204,-64.187
1.205,-64.157
1.206,-64.351
1.207,-64.499
1.208,-64.429
1.209,-64.569
1.21,-64.498
1.211,-64.502
1.212,-64.346
1.213,-64.235
1.214,-64.33
1.215,-64.1
1.216,-64.112
1.217,-64.211
1.218,-64.141
1.219,-64.294
1.22,-64.398
1.221,-64.442
1.222,-64.491
1.223,-64.59
1.224,-64.684
1.225,-64.68
1.226,-64.634
1.227,-64.621
1.228,-64.547
1.229,-64.605
1.23,-64.44
1.231,-64.375
1.232,-64.268
1.233,-64.298
1.234,-64.425
1.235,-64.392
1.236,-64.446
1.237,-64.46
1.238,-64.679
1.239,-64.76
1.24,-64.89
1.241,-64.952
1.242,-65.046
1.243,-64.877
1.244,-64.811
1.245,-64.748
1.246,-64.595
1.247,-64.56
1.248,-64.476
1.249,-64.362
1.25,-64.44
1.251,-64.437
1.252,-64.58
1.253,-64.588
1.254,-64.607
1.255,-64.785
1.256,-64.877
1.257,-64.954
1.258,-64.972
1.259,-64.952
1.26,-64.896
1.261,-64.854
1.262,-64.814
1.263,-64.682
1.264,-64.648
1.265,-64.532
1.266,-64.499
1.267,-64.486
1.268,-64.616
1.269,-64.669
1.27,-64.755
1.271,-64.801
1.272,-64.822
1.273,-65.002
1.274,-65.07
1.275,-65.11
1.276,-65.081
1.277,-65.009
1.278,-64.974
1.279,-64.872
1.28,-64.765
1.281,-64.682
1.282,-64.567
1.283,-64.648
1.284,-64.642
1.285,-64.697
1.286,-64.792
1.287,-64.828
1.288,-64.981
1.289,-65.072
1.29,-65.118
1.291,-65.205
1.292,-65.161
1.293,-65.191
1.294,-65.122
1.295,-65.024
1.296,-64.951
1.297,-64.837
1.298,-64.93
1.299,-64.721
1.3,-64.609
1.301,-64.723
1.302,-64.751
1.303,-64.874
1.304,-64.935
1.305,-65.085
1.306,-65.243
1.307,-65.26
1.308,-65.234
1.309,-65.155
1.31,-65.028
1.311,-65.081
1.312,-64.975
1.313,-64.959
1.314,-64.925
1.315,-64.779
1.316,-64.741
1.317,-64.614
1.318,-64.722
1.319,-64.769
1.32,-64.936
1.321,-65.099
1.322,-65.012
1.323,-65.126
1.324,-65.207
1.325,-65.295
1.326,-65.287
1.327,-65.09
1.328,-65.114
1.329,-64.917
1.33,-64.826
1.331,-64.783
1.332,-64.602
1.333,-64.591
1.334,-64.705
1.335,-64.904
1.336,-64.902
1.337,-64.878
1.338,-65.028
1.339,-65.116
1.34,-65.094
1.341,-65.188
1.342,-65.296
1.343,-65.168
1.344,-65.166
1.345,-64.956
1.346,-64.957
1.347,-64.767
1.348,-64.679
1.349,-64.658
1.35,-64.64
1.351,-64.708
1.352,-64.79
1.353,-64.859
1.354,-64.978
1.355,-64.972
1.356,-65.096
1.357,-65.196
1.358,-65.105
1.359,-65.133
1.36,-65.141
1.361,-65.053
1.362,-64.974
1.363,-64.887
1.364,-64.825
1.365,-64.73
1.366,-64.642
1.367,-64.621
1.368,-64.698
1.369,-64.753
1.37,-64.858
1.371,-64.867
1.372,-65.039
1.373,-65.065
1.374,-65.152
1.375,-65.188
1.376,-65.127
1.377,-65.026
1.378,-64.961
1.379,-64.837
1.38,-64.798
1.381,-64.709
1.382,-64.563
1.383,-64.544
1.384,-64.558
1.385,-64.695
1.386,-64.696
1.387,-64.835
1.388,-64.893
1.389,-64.87
1.39,-65.012
1.391,-65.096
1.392,-65.062
1.393,-65.057
1.394,-64.994
1.395,-64.943
1.396,-64.737
1.397,-64.678
1.398,-64.645
1.399,-64.51
1.4,-64.629
1.401,-64.557
1.402,-64.637
1.403,-64.632
1.404,-64.668
1.405,-64.898
1.406,-64.904
1.407,-64.978
1.408,-64.994
1.409,-65.001
1.41,-65.011
1.411,-64.861
1.412,-64.832
1.413,-64.647
1.414,-64.615
1.415,-64.529
1.416,-64.381
1.417,-64.399
1.418,-64.587
1.419,-64.455
1.42,-64.629
1.421,-64.704
1.422,-64.709
1.423,-64.784
1.424,-64.823
1.425,-64.841
1.426,-64.756
1.427,-64.678
1.428,-64.795
1.429,-64.627
1.43,-64.431
1.431,-64.495
1.432,-64.249
1.433,-64.27
1.434,-64.238
1.435,-64.291
1.436,-64.402
1.437,-64.433
1.438,-64.582
1.439,-64.63
1.44,-64.626
1.441,-64.83
1.442,-64.828
1.443,-64.669
1.444,-64.472
1.445,-64.471
1.446,-64.433
1.447,-64.397
1.448,-64.316
1.449,-64.164
1.45,-64.141
1.451,-64.211
1.452,-64.256
1.453,-64.277
1.454,-64.394
1.455,-64.558
1.456,-64.595
1.457,-64.66
1.458,-64.784
1.459,-64.774
1.46,-64.645
1.461,-64.481
1.462,-64.341
1.463,-64.238
1.464,-64.305
1.465,-64.142
1.466,-64.038
1.467,-64.074
1.468,-64.162
1.469,-64.227
1.47,-64.335
1.471,-64.276
1.472,-64.454
1.473,-64.523
1.474,-64.636
1.475,-64.639
1.476,-64.566
1.477,-64.563
1.478,-64.436
1.479,-64.309
1.48,-64.298
1.481,-64.104
1.482,-64.008
1.483,-63.95
1.484,-63.993
1.485,-64.078
1.486,-64.119
1.487,-64.22
1.488,-64.351
1.489,-64.35
1.49,-64.407
1.491,-64.478
1.492,-64.619
1.493,-64.399
1.494,-64.283
1.495,-64.163
1.496,-63.989
1.497,-64.006
1.498,-63.98
1.499,-63.852
1.5,-63.795
1.501,-63.81
1.502,-63.95
1.503,-63.943
1.504,-64.022
1.505,-64.135
1.506,-64.186
1.507,-64.272
1.508,-64.258
1.509,-64.299
1.51,-64.227
1.511,-64.048
1.512,-64.021
1.513,-63.821
1.514,-63.821
1.515,-63.747
1.516,-63.684
1.517,-63.646
1.518,-63.654
1.519,-63.797
1.52,-63.908
1.521,-63.988
1.522,-63.977
1.523,-64.102
1.524,-64.22
1.525,-64.187
1.526,-64.199
1.527,-64.12
1.528,-63.972
1.529,-63.863
1.53,-63.81
1.531,-63.682
1.532,-63.533
1.533,-63.627
1.534,-63.678
1.535,-63.692
1.536,-63.75
1.537,-63.786
1.538,-63.847
1.539,-63.895
1.54,-63.966
1.541,-64.101
1.542,-64.019
1.543,-63.943
1.544,-63.969
1.545,-63.801
1.546,-63.734
1.547,-63.699
1.548,-63.557
1.549,-63.422
1.55,-63.428
1.551,-63.559
1.552,-63.576
1.553,-63.699
1.554,-63.803
1.555,-63.825
1.556,-63.917
1.557,-64.08
1.558,-64.022
1.559,-63.911
1.56,-63.795
1.561,-63.815
1.562,-63.708
1.563,-63.527
1.564,-63.506
1.565,-63.37
1.566,-63.346
1.567,-63.287
1.568,-63.403
1.569,-63.497
1.57,-63.508
1.571,-63.657
1.572,-63.681
1.573,-63.618
1.574,-63.812
1.575,-63.799
1.576,-63.77
1.577,-63.651
1.578,-63.543
1.579,-63.52
1.58,-63.367
1.581,-63.359
1.582,-63.277
1.583,-63.121
1.584,-63.14
1.585,-63.267
1.586,-63.324
1.587,-63.361
1.588,-63.512
1.589,-63.594
1.59,-63.527
1.591,-63.59
1.592,-63.643
1.593,-63.492
1.594,-63.462
1.595,-63.326
1.596,-63.247
1.597,-63.117
1.598,-63.073
1.599,-62.986
1.6,-62.877
1.601,-62.92
1.602,-63.115
1.603,-63.062
1.604,-63.036
1.605,-63.239
1.606,-63.293
1.607,-63.392
1.608,-63.431
1.609,-63.518
1.61,-63.282
1.611,-63.239
1.612,-63.202
1.613,-63.067
1.614,-62.934
1.615,-62.901
1.616,-62.778
1.617,-62.755
1.618,-62.923
1.619,-62.953
1.62,-62.961
1.621,-62.969
1.622,-63.206
1.623,-63.261
1.624,-63.209
1.625,-63.353
1.626,-63.247
1.627,-63.182
1.628,-63.067
1.629,-63.008
1.63,-62.933
1.631,-62.867
1.632,-62.767
1.633,-62.662
1.634,-62.564
1.635,-62.746
1.636,-62.823
1.637,-62.881
1.638,-62.954
1.639,-63.004
1.64,-63.143
1.641,-63.213
1.642,-63.268
1.643,-63.144
1.644,-62.961
1.645,-62.92
1.646,-62.788
1.647,-62.681
1.648,-62.717
1.649,-62.553
1.65,-62.693
1.651,-62.681
1.652,-62.592
1.653,-62.766
1.654,-62.798
1.655,-62.859
1.656,-62.955
1.657,-63.017
1.658,-63.069
1.659,-63.097
1.66,-62.957
1.661,-62.873
1.662,-62.636
1.663,-62.675
1.664,-62.579
1.665,-62.37
1.666,-62.355
1.667,-62.35
1.668,-62.451
1.669,-62.517
1.67,-62.654
1.671,-62.738
1.672,-62.751
1.673,-62.892
1.674,-62.946
1.675,-63.019
1.676,-62.999
1.677,-62.812
1.678,-62.81
1.679,-62.62
1.68,-62.523
1.681,-62.422
1.682,-62.218
1.683,-62.273
1.684,-62.302
1.685,-62.391
1.686,-62.494
1.687,-62.513
1.688,-62.535
1.689,-62.558
1.69,-62.702
1.691,-62.799
1.692,-62.751
1.693,-62.659
1.694,-62.683
1.695,-62.476
1.696,-62.399
1.697,-62.374
1.698,-62.189
1.699,-62.099
1.7,-62.165
1.701,-62.162
1.702,-62.214
1.703,-62.373
1.704,-62.383
1.705,-62.456
1.706,-62.473
1.707,-62.626
1.708,-62.655
1.709,-62.649
1.71,-62.52
1.711,-62.425
1.712,-62.386
1.713,-62.25
1.714,-62.268
1.715,-62.016
1.716,-61.991
1.717,-62.007
1.718,-62.016
1.719,-62.212
1.72,-62.196
1.721,-62.284
1.722,-62.35
1.723,-62.395
1.724,-62.555
1.725,-62.454
1.726,-62.394
1.727,-62.31
1.728,-62.159
1.729,-62.132
1.73,-62.121
1.731,-62.086
1.732,-61.924
1.733,-61.863
1.734,-61.93
1.735,-62.042
1.736,-61.972
1.737,-62.045
1.738,-62.238
1.739,-62.253
1.74,-62.259
1.741,-62.363
1.742,-62.411
1.743,-62.321
1.744,-62.134
1.745,-62.149
1.746,-61.975
1.747,-61.977
1.748,-61.963
1.749,-61.759
1.75,-61.755
1.751,-61.817
1.752,-61.814
1.753,-61.907
1.754,-61.996
1.755,-62.097
1.756,-62.142
1.757,-62.253
1.758,-62.309
1.759,-62.165
1.76,-62.147
1.761,-62.066
1.762,-61.928
1.763,-61.925
1.764,-61.778
1.765,-61.772
1.766,-61.639
1.767,-61.586
1.768,-61.732
1.769,-61.776
1.77,-61.93
1.771,-61.881
1.772,-61.992
1.773,-62.151
1.774,-62.224
1.775,-62.202
1.776,-62.129
1.777,-61.92
1.778,-61.892
1.779,-61.803
1.78,-61.806
1.781,-61.624
1.782,-61.503
1.783,-61.478
1.784,-61.39
1.785,-61.654
1.786,-61.589
1.787,-61.735
1.788,-61.766
1.789,-61.796
1.79,-61.967
1.791,-61.925
1.792,-61.982
1.793,-61.9
1.794,-61.749
1.795,-61.65
1.796,-61.563
1.797,-61.602
1.798,-61.366
1.799,-61.198
1.8,-61.349
1.801,-61.284
1.802,-61.28
1.803,-61.399
1.804,-61.451
1.805,-61.445
1.806,-61.54
1.807,-61.787
1.808,-61.744
1.809,-61.772
1.81,-61.508
1.811,-61.464
1.812,-61.295
1.813,-61.264
1.814,-61.319
1.815,-61.134
1.816,-61.069
1.817,-61.078
1.818,-61.134
1.819,-61.181
1.82,-61.263
1.821,-61.357
1.822,-61.282
1.823,-61.482
1.824,-61.674
1.825,-61.572
1.826,-61.445
1.827,-61.38
1.828,-61.234
1.829,-61.182
1.83,-61.087
1.831,-60.994
1.832,-60.871
1.833,-60.798
1.834,-60.835
1.835,-60.878
1.836,-60.941
1.837,-61.111
1.838,-61.108
1.839,-61.168
1.84,-61.158
1.841,-61.273
1.842,-61.295
1.843,-61.144
1.844,-61.203
1.845,-61.032
1.846,-60.887
1.847,-60.837
1.848,-60.71
1.849,-60.597
1.85,-60.466
1.851,-60.556
1.852,-60.714
1.853,-60.708
1.854,-60.872
1.855,-60.85
1.856,-60.852
1.857,-60.998
1.858,-60.978
1.859,-60.913
1.86,-60.837
1.861,-60.741
1.862,-60.69
1.863,-60.54
1.864,-60.416
1.865,-60.389
1.866,-60.183
1.867,-60.28
1.868,-60.44
1.869,-60.373
1.87,-60.478
1.871,-60.525
1.872,-60.666
1.873,-60.623
1.874,-60.607
1.875,-60.708
1.876,-60.67
1.877,-60.484
1.878,-60.371
1.879,-60.301
1.88,-60.226
1.881,-60.135
1.882,-60.012
1.883,-60.017
1.884,-59.967
1.885,-60.065
1.886,-60.089
1.887,-60.117
1.888,-60.122
1.889,-60.239
1.89,-60.379
1.891,-60.436
1.892,-60.464
1.893,-60.257
1.894,-60.239
1.895,-60.161
1.896,-60.008
1.897,-59.948
1.898,-59.822
1.899,-59.679
1.9,-59.662
1.901,-59.777
1.902,-59.738
1.903,-59.827
1.904,-59.899
1.905,-59.886
1.906,-60.023
1.907,-60.039
1.908,-60.131
1.909,-60.122
1.91,-59.959
1.911,-59.81
1.912,-59.715
1.913,-59.703
1.914,-59.658
1.915,-59.496
1.916,-59.418
1.917,-59.387
1.918,-59.418
1.919,-59.59
1.92,-59.599
1.921,-59.623
1.922,-59.729
1.923,-59.788
1.924,-59.919
1.925,-59.751
1.926,-59.715
1.927,-59.669
1.928,-59.46
1.929,-59.527
1.93,-59.468
1.931,-59.316
1.932,-59.198
1.933,-59.064
1.934,-59.057
1.935,-59.176
1.936,-59.236
1.937,-59.326
1.938,-59.365
1.939,-59.444
1.94,-59.491
1.941,-59.546
1.942,-59.508
1.943,-59.233
1.944,-59.192
1.945,-59.176
1.946,-59.129
1.947,-58.982
1.948,-58.845
1.949,-58.751
1.95,-58.773
1.951,-58.796
1.952,-58.794
1.953,-58.799
1.954,-58.865
1.955,-58.864
1.956,-58.918
1.957,-59.006
1.958,-58.998
1.959,-58.99
1.96,-58.792
1.961,-58.644
1.962,-58.537
1.963,-58.418
1.964,-58.22
1.965,-58.149
1.966,-58.176
1.967,-58.094
1.968,-58.178
1.969,-58.094
1.97,-58.194
1.971,-58.186
1.972,-58.159
1.973,-58.287
1.974,-58.365
1.975,-58.281
1.976,-58.027
1.977,-57.92
1.978,-57.67
1.979,-57.439
1.98,-57.215
1.981,-56.931
1.982,-56.739
1.983,-56.499
1.984,-56.386
1.985,-56.43
1.986,-56.307
1.987,-56.187
1.988,-56.173
1.989,-56.046
1.99,-56.018
1.991,-55.795
1.992,-55.562
1.993,-55.209
1.994,-54.842
1.995,-52.172
1.996,-45.882
1.997,-42.085
1.998,-40.506
1.999,-40.11
2,-40.851
2.001,-42.127
2.002,-43.591
2.003,-45.088
2.004,-46.51
2.005,-47.756
2.006,-48.797
2.007,-49.74
2.008,-50.571
2.009,-51.138
2.01,-51.501
2.011,-52.01
2.012,-52.396
2.013,-52.732
2.014,-53.004
2.015,-53.203
2.016,-53.479
2.017,-53.775
2.018,-54.104
2.019,-54.275
2.02,-54.475
2.021,-54.8
2.022,-54.93
2.023,-55.324
2.024,-55.519
2.025,-55.472
2.026,-55.4
2.027,-55.261
2.028,-55.233
2.029,-55.167
2.03,-54.995
2.031,-54.917
2.032,-54.699
2.033,-54.842
2.034,-54.816
2.035,-54.803
2.036,-54.988
2.037,-54.947
2.038,-55.121
2.039,-55.005
2.04,-55.038
2.041,-55.133
2.042,-55.069
2.043,-54.947
2.044,-54.794
2.045,-54.583
2.046,-54.428
2.047,-54.106
2.048,-53.807
2.049,-53.465
2.05,-53.284
2.051,-53.278
2.052,-53.178
2.053,-52.933
2.054,-52.666
2.055,-50.871
2.056,-45.269
2.057,-41.311
2.058,-39.676
2.059,-39.346
2.06,-39.685
2.061,-40.599
2.062,-41.899
2.063,-43.104
2.064,-44.318
2.065,-45.331
2.066,-46.203
2.067,-47.179
2.068,-48.076
2.069,-48.899
2.07,-49.632
2.071,-50.083
2.072,-50.622
2.073,-51.149
2.074,-51.697
2.075,-51.901
2.076,-52.107
2.077,-52.137
2.078,-52.235
2.079,-52.366
2.08,-52.393
2.081,-52.355
2.082,-52.352
2.083,-52.298
2.084,-52.26
2.085,-52.418
2.086,-52.402
2.087,-52.517
2.088,-52.683
2.089,-52.728
2.09,-52.794
2.091,-52.848
2.092,-52.95
2.093,-52.81
2.094,-52.751
2.095,-52.663
2.096,-52.53
2.097,-52.541
2.098,-52.496
2.099,-52.427
2.1,-52.417
2.101,-52.527
2.102,-52.644
2.103,-52.693
2.104,-52.684
2.105,-52.739
2.106,-52.824
2.107,-53.085
2.108,-53.03
2.109,-52.883
2.11,-52.881
2.111,-52.745
2.112,-52.642
2.113,-52.479
2.114,-52.357
2.115,-52.109
2.116,-51.975
2.117,-51.921
2.118,-51.844
2.119,-51.671
2.12,-51.051
2.121,-46.661
2.122,-41.799
2.123,-39.45
2.124,-38.614
2.125,-38.787
2.126,-39.299
2.127,-40.29
2.128,-41.354
2.129,-42.31
2.13,-43.417
2.131,-44.125
2.132,-44.778
2.133,-45.433
2.134,-46.109
2.135,-46.752
2.136,-47.359
2.137,-47.923
2.138,-48.476
2.139,-48.849
2.14,-49.426
2.141,-49.756
2.142,-50.04
2.143,-50.17
2.144,-50.375
2.145,-50.484
2.146,-50.689
2.147,-50.81
2.148,-51.043
2.149,-51.025
2.15,-51.177
2.151,-51.424
2.152,-51.659
2.153,-51.89
2.154,-52.073
2.155,-52.18
2.156,-52.325
2.157,-52.658
2.158,-52.846
2.159,-52.743
2.16,-52.722
2.161,-52.643
2.162,-52.496
2.163,-52.379
2.164,-52.254
2.165,-52.066
2.166,-51.987
2.167,-51.856
2.168,-52.062
2.169,-52
2.17,-51.974
2.171,-52.067
2.172,-51.992
2.173,-52.122
2.174,-52.308
2.175,-52.214
2.176,-52.047
2.177,-51.795
2.178,-51.584
2.179,-51.381
2.18,-51.218
2.181,-50.96
2.182,-50.019
2.183,-45.07
2.184,-40.478
2.185,-38.504
2.186,-37.82
2.187,-37.983
2.188,-38.678
2.189,-39.996
2.19,-41.206
2.191,-42.328
2.192,-43.387
2.193,-44.077
2.194,-44.855
2.195,-45.514
2.196,-45.918
2.197,-46.332
2.198,-46.649
2.199,-46.981
2.2,-47.24
2.201,-47.661
2.202,-48.161
2.203,-48.422
2.204,-48.887
2.205,-49.2
2.206,-49.502
2.207,-49.968
2.208,-50.134
2.209,-50.349
2.21,-50.51
2.211,-50.567
2.212,-50.72
2.213,-50.794
2.214,-50.953
2.215,-50.978
2.216,-51.008
2.217,-51.302
2.218,-51.595
2.219,-51.738
2.22,-51.928
2.221,-52.004
2.222,-52.185
2.223,-52.492
2.224,-52.733
2.225,-52.811
2.226,-52.795
2.227,-52.828
2.228,-52.811
2.229,-52.8
2.23,-52.769
2.231,-52.822
2.232,-52.71
2.233,-52.817
2.234,-52.927
2.235,-53.007
2.236,-53.11
2.237,-53.067
2.238,-52.972
2.239,-53.029
2.24,-53.158
2.241,-53.055
2.242,-53.003
2.243,-52.758
2.244,-52.6
2.245,-52.458
2.246,-52.374
2.247,-52.146
2.248,-51.922
2.249,-51.732
2.25,-51.535
2.251,-51.427
2.252,-51.273
2.253,-50.963
2.254,-48.422
2.255,-42.888
2.256,-39.581
2.257,-38.296
2.258,-38.116
2.259,-38.63
2.26,-39.555
2.261,-40.574
2.262,-41.6
2.263,-42.643
2.264,-43.622
2.265,-44.28
2.266,-44.973
2.267,-45.66
2.268,-46.442
2.269,-47.086
2.27,-47.59
2.271,-48.073
2.272,-48.48
2.273,-48.997
2.274,-49.327
2.275,-49.479
2.276,-49.681
2.277,-49.841
2.278,-50.044
2.279,-50.083
2.28,-50.182
2.281,-50.313
2.282,-50.362
2.283,-50.536
2.284,-50.751
2.285,-51.017
2.286,-51.277
2.287,-51.49
2.288,-51.764
2.289,-51.971
2.29,-52.292
2.291,-52.492
2.292,-52.605
2.293,-52.59
2.294,-52.637
2.295,-52.774
2.296,-52.766
2.297,-52.922
2.298,-52.945
2.299,-52.915
2.3,-52.969
2.301,-53.233
2.302,-53.413
2.303,-53.521
2.304,-53.826
2.305,-53.951
2.306,-54.17
2.307,-54.41
2.308,-54.474
2.309,-54.443
2.31,-54.3
2.311,-54.454
2.312,-54.533
2.313,-54.387
2.314,-54.487
2.315,-54.354
2.316,-54.381
2.317,-54.461
2.318,-54.639
2.319,-54.827
2.32,-54.884
2.321,-55.064
2.322,-55.048
2.323,-55.285
2.324,-55.566
2.325,-55.503
2.326,-55.481
2.327,-55.542
2.328,-55.423
2.329,-55.542
2.33,-55.449
2.331,-55.424
2.332,-55.393
2.333,-55.444
2.334,-55.528
2.335,-55.64
2.336,-55.766
2.337,-55.869
2.338,-56
2.339,-56.198
2.34,-56.261
2.341,-56.508
2.342,-56.512
2.343,-56.453
2.344,-56.414
2.345,-56.51
2.346,-56.479
2.347,-56.405
2.348,-56.48
2.349,-56.245
2.35,-56.388
2.351,-56.618
2.352,-56.729
2.353,-56.863
2.354,-56.898
2.355,-57.092
2.356,-57.346
2.357,-57.427
2.358,-57.601
2.359,-57.637
2.36,-57.49
2.361,-57.53
2.362,-57.584
2.363,-57.628
2.364,-57.594
2.365,-57.511
2.366,-57.565
2.367,-57.564
2.368,-57.791
2.369,-57.922
2.37,-58.17
2.371,-58.253
2.372,-58.256
2.373,-58.507
2.374,-58.691
2.375,-58.785
2.376,-58.677
2.377,-58.696
2.378,-58.781
2.379,-58.812
2.38,-58.839
2.381,-58.752
2.382,-58.635
2.383,-58.869
2.384,-58.984
2.385,-59.164
2.386,-59.225
2.387,-59.232
2.388,-59.534
2.389,-59.647
2.39,-59.906
2.391,-59.941
2.392,-59.991
2.393,-59.956
2.394,-59.956
2.395,-59.9
2.396,-59.986
2.397,-59.919
2.398,-59.948
2.399,-59.825
2.4,-59.966
2.401,-60.111
2.402,-60.254
2.403,-60.407
2.404,-60.366
2.405,-60.401
2.406,-60.709
2.407,-60.887
2.408,-61.008
2.409,-60.959
2.41,-60.887
2.411,-60.987
2.412,-61.005
2.413,-61.002
2.414,-60.944
2.415,-60.916
2.416,-60.871
2.417,-60.992
2.418,-61.092
2.419,-61.198
2.42,-61.215
2.421,-61.453
2.422,-61.495
2.423,-61.682
2.424,-61.924
2.425,-61.896
2.426,-61.931
2.427,-61.776
2.428,-61.711
2.429,-61.718
2.43,-61.812
2.431,-61.737
2.432,-61.669
2.433,-61.687
2.434,-61.804
2.435,-61.907
2.436,-61.95
2.437,-62.123
2.438,-62.257
2.439,-62.38
2.44,-62.566
2.441,-62.661
2.442,-62.68
2.443,-62.458
2.444,-62.506
2.445,-62.496
2.446,-62.526
2.447,-62.439
2.448,-62.398
2.449,-62.439
2.45,-62.373
2.451,-62.48
2.452,-62.59
2.453,-62.692
2.454,-62.761
2.455,-62.906
2.456,-62.954
2.457,-63.13
2.458,-63.226
2.459,-63.204
2.46,-63.141
2.461,-63.117
2.462,-63.127
2.463,-63.095
2.464,-62.904
2.465,-62.891
2.466,-62.74
2.467,-62.89
2.468,-63.148
2.469,-63.153
2.47,-63.224
2.471,-63.267
2.472,-63.515
2.473,-63.625
2.474,-63.675
2.475,-63.843
2.476,-63.737
2.477,-63.66
2.478,-63.644
2.479,-63.537
2.48,-63.501
2.481,-63.402
2.482,-63.331
2.483,-63.37
2.484,-63.35
2.485,-63.642
2.486,-63.727
2.487,-63.72
2.488,-63.837
2.489,-63.928
2.49,-64.155
2.491,-64.167
2.492,-64.103
2.493,-64.113
2.494,-64.016
2.495,-63.987
2.496,-63.931
2.497,-63.889
2.498,-63.752
2.499,-63.592
2.5,-63.722
2.501,-63.768
2.502,-63.816
2.503,-63.945
2.504,-63.954
2.505,-64.15
2.506,-64.194
2.507,-64.423
2.508,-64.439
2.509,-64.346
2.51,-64.216
2.511,-64.19
2.512,-64.204
2.513,-64.112
2.514,-64.022
2.515,-63.893
2.516,-63.842
2.517,-63.911
2.518,-63.998
2.519,-64.148
2.52,-64.141
2.521,-64.322
2.522,-64.453
2.523,-64.593
2.524,-64.68
2.525,-64.618
2.526,-64.613
2.527,-64.484
2.528,-64.467
2.529,-64.386
2.53,-64.38
2.531,-64.264
2.532,-64.161
2.533,-64.237
2.534,-64.328
2.535,-64.32
2.536,-64.377
2.537,-64.511
2.538,-64.503
2.539,-64.748
2.54,-64.788
2.541,-64.863
2.542,-64.871
2.543,-64.73
2.544,-64.626
2.545,-64.552
2.546,-64.602
2.547,-64.462
2.548,-64.318
2.549,-64.315
2.55,-64.264
2.551,-64.453
2.552,-64.51
2.553,-64.614
2.554,-64.71
2.555,-64.708
2.556,-64.927
2.557,-64.965
2.558,-64.86
2.559,-64.894
2.56,-64.812
2.561,-64.724
2.562,-64.717
2.563,-64.739
2.564,-64.62
2.565,-64.392
2.566,-64.346
2.567,-64.492
2.568,-64.535
2.569,-64.608
2.57,-64.65
2.571,-64.684
2.572,-64.844
2.573,-64.922
2.574,-65.1
2.575,-64.998
2.576,-64.857
2.577,-64.82
2.578,-64.791
2.579,-64.706
2.58,-64.736
2.581,-64.538
2.582,-64.412
2.583,-64.436
2.584,-64.606
2.585,-64.669
2.586,-64.677
2.587,-64.764
2.588,-64.77
2.589,-64.813
2.59,-65.157
2.591,-65.121
2.592,-65.147
2.593,-64.956
2.594,-64.904
2.595,-64.883
2.596,-64.777
2.597,-64.789
2.598,-64.499
2.599,-64.445
2.6,-64.618
2.601,-64.678
2.602,-64.748
2.603,-64.738
2.604,-64.718
2.605,-64.782
2.606,-64.901
2.607,-65.112
2.608,-65.149
2.609,-65.053
2.61,-64.984
2.611,-65.009
2.612,-64.867
2.613,-64.752
2.614,-64.705
2.615,-64.597
2.616,-64.529
2.617,-64.582
2.618,-64.595
2.619,-64.743
2.62,-64.829
2.621,-64.819
2.622,-64.95
2.623,-65.024
2.624,-65.152
2.625,-65.104
2.626,-64.966
2.627,-65.001
2.628,-64.932
2.629,-64.833
2.63,-64.736
2.631,-64.719
2.632,-64.463
2.633,-64.58
2.634,-64.606
2.635,-64.673
2.636,-64.724
2.637,-64.813
2.638,-64.856
2.639,-65.039
2.64,-65.028
2.641,-65.166
2.642,-65.114
2.643,-64.987
2.644,-64.902
2.645,-64.885
2.646,-64.854
2.647,-64.573
2.648,-64.575
2.649,-64.527
2.65,-64.518
2.651,-64.66
2.652,-64.707
2.653,-64.756
2.654,-64.803
2.655,-64.811
2.656,-65.071
2.657,-65.105
2.658,-65.142
2.659,-65.011
2.66,-64.838
2.661,-64.822
2.662,-64.744
2.663,-64.612
2.664,-64.619
2.665,-64.434
2.666,-64.497
2.667,-64.442
2.668,-64.547
2.669,-64.684
2.67,-64.719
2.671,-64.741
2.672,-64.761
2.673,-64.911
2.674,-64.991
2.675,-65.033
2.676,-64.859
2.677,-64.876
2.678,-64.73
2.679,-64.643
2.68,-64.579
2.681,-64.431
2.682,-64.251
2.683,-64.355
2.684,-64.41
2.685,-64.431
2.686,-64.517
2.687,-64.562
2.688,-64.534
2.689,-64.777
2.69,-64.819
2.691,-64.872
2.692,-64.846
2.693,-64.691
2.694,-64.6
2.695,-64.65
2.696,-64.528
2.697,-64.547
2.698,-64.28
2.699,-64.217
2.7,-64.241
2.701,-64.329
2.702,-64.391
2.703,-64.425
2.704,-64.544
2.705,-64.576
2.706,-64.642
2.707,-64.782
2.708,-64.748
2.709,-64.66
2.71,-64.529
2.711,-64.502
2.712,-64.484
2.713,-64.414
2.714,-64.371
2.715,-64.199
2.716,-64.053
2.717,-64.097
2.718,-64.18
2.719,-64.132
2.72,-64.228
2.721,-64.327
2.722,-64.417
2.723,-64.475
2.724,-64.586
2.725,-64.584
2.726,-64.427
2.727,-64.39
2.728,-64.319
2.729,-64.224
2.73,-64.221
2.731,-64.117
2.732,-63.827
2.733,-63.956
2.734,-63.929
2.735,-64.074
2.736,-64.181
2.737,-64.215
2.738,-64.303
2.739,-64.329
2.74,-64.52
2.741,-64.553
2.742,-64.442
2.743,-64.386
2.744,-64.362
2.745,-64.213
2.746,-64.111
2.747,-64
2.748,-63.913
2.749,-63.684
2.75,-63.865
2.751,-63.939
2.752,-63.976
2.753,-64.017
2.754,-64.066
2.755,-64.102
2.756,-64.212
2.757,-64.335
2.758,-64.416
2.759,-64.233
2.76,-64.06
2.761,-64.129
2.762,-64.015
2.763,-63.952
2.764,-63.812
2.765,-63.677
2.766,-63.635
2.767,-63.675
2.768,-63.853
2.769,-63.829
2.77,-63.783
2.771,-64.019
2.772,-64.028
2.773,-64.15
2.774,-64.322
2.775,-64.191
2.776,-64.108
2.777,-63.991
2.778,-63.972
2.779,-63.921
2.78,-63.818
2.781,-63.732
2.782,-63.469
2.783,-63.505
2.784,-63.608
2.785,-63.679
2.786,-63.718
2.787,-63.749
2.788,-63.826
2.789,-63.895
2.79,-63.971
2.791,-64.065
2.792,-64.028
2.793,-63.884
2.794,-63.89
2.795,-63.887
2.796,-63.695
2.797,-63.601
2.798,-63.519
2.799,-63.466
2.8,-63.44
2.801,-63.507
2.802,-63.581
2.803,-63.616
2.804,-63.675
2.805,-63.756
2.806,-63.863
2.807,-63.996
2.808,-63.935
2.809,-63.884
2.81,-63.846
2.811,-63.778
2.812,-63.812
2.813,-63.616
2.814,-63.481
2.815,-63.464
2.816,-63.424
2.817,-63.407
2.818,-63.514
2.819,-63.548
2.82,-63.538
2.821,-63.592
2.822,-63.752
2.823,-63.895
2.824,-63.878
2.825,-63.934
2.826,-63.81
2.827,-63.791
2.828,-63.634
2.829,-63.61
2.83,-63.544
2.831,-63.313
2.832,-63.138
2.833,-63.204
2.834,-63.169
2.835,-63.346
2.836,-63.418
2.837,-63.468
2.838,-63.491
2.839,-63.66
2.84,-63.805
2.841,-63.699
2.842,-63.676
2.843,-63.581
2.844,-63.56
2.845,-63.509
2.846,-63.432
2.847,-63.285
2.848,-63.139
2.849,-63.056
2.85,-63.247
2.851,-63.234
2.852,-63.285
2.853,-63.269
2.854,-63.384
2.855,-63.457
2.856,-63.505
2.857,-63.69
2.858,-63.674
2.859,-63.538
2.86,-63.356
2.861,-63.33
2.862,-63.236
2.863,-63.239
2.864,-63.174
2.865,-63.023
2.866,-62.989
2.867,-62.969
2.868,-63.232
2.869,-63.139
2.87,-63.213
2.871,-63.296
2.872,-63.41
2.873,-63.514
2.874,-63.593
2.875,-63.552
2.876,-63.42
2.877,-63.355
2.878,-63.312
2.879,-63.207
2.88,-63.099
2.881,-63.049
2.882,-62.845
2.883,-62.929
2.884,-62.899
2.885,-62.918
2.886,-63.023
2.887,-63.141
2.888,-63.276
2.889,-63.313
2.89,-63.332
2.891,-63.346
2.892,-63.364
2.893,-63.293
2.894,-63.183
2.895,-63.239
2.896,-63.109
2.897,-62.992
2.898,-62.955
2.899,-62.722
2.9,-62.798
2.901,-62.827
2.902,-62.997
2.903,-62.949
2.904,-63.008
2.905,-63.15
2.906,-63.222
2.907,-63.341
2.908,-63.228
2.909,-63.311
2.91,-63.177
2.911,-63.089
2.912,-63.097
2.913,-62.864
2.914,-62.926
2.915,-62.784
2.916,-62.709
2.917,-62.637
2.918,-62.77
2.919,-62.877
2.92,-62.839
2.921,-62.964
2.922,-63.129
2.923,-63.119
2.924,-63.257
2.925,-63.186
2.926,-62.983
2.927,-63.021
2.928,-62.975
2.929,-62.982
2.93,-62.963
2.931,-62.629
2.932,-62.596
2.933,-62.564
2.934,-62.656
2.935,-62.757
2.936,-62.712
2.937,-62.803
2.938,-62.804
2.939,-63.038
2.94,-63.053
2.941,-63.052
2.942,-63.093
2.943,-62.921
2.944,-62.909
2.945,-62.783
2.946,-62.705
2.947,-62.625
2.948,-62.539
2.949,-62.465
2.95,-62.411
2.951,-62.552
2.952,-62.499
2.953,-62.532
2.954,-62.549
2.955,-62.672
2.956,-62.783
2.957,-62.914
2.958,-62.941
2.959,-62.847
2.96,-62.761
2.961,-62.661
2.962,-62.617
2.963,-62.533
2.964,-62.331
2.965,-62.337
2.966,-62.255
2.967,-62.271
2.968,-62.39
2.969,-62.469
2.97,-62.5
2.971,-62.529
2.972,-62.615
2.973,-62.772
2.974,-62.723
2.975,-62.729
2.976,-62.708
2.977,-62.585
2.978,-62.51
2.979,-62.38
2.98,-62.42
2.981,-62.23
2.982,-62.104
2.983,-62.151
2.984,-62.107
2.985,-62.17
2.986,-62.218
2.987,-62.219
2.988,-62.28
2.989,-62.45
2.99,-62.724
2.991,-62.624
2.992,-62.624
2.993,-62.47
2.994,-62.484
2.995,-62.386
2.996,-62.316
2.997,-62.256
2.998,-62.124
2.999,-61.879
3,-61.934
